StartDate,EndDate,Status,IPAddress,Progress,Duration (in seconds),Finished,RecordedDate,ResponseId,RecipientLastName,RecipientFirstName,RecipientEmail,ExternalReference,LocationLatitude,LocationLongitude,DistributionChannel,UserLanguage,Q3,Q16_First Click,Q16_Last Click,Q16_Page Submit,Q16_Click Count,Q24_1,Q24_2,Q24_3,Q24_4,Q24_5,Q24_6,Q24_7,Q24_8,Q24_9,Q24_10,Q24_11,Q54_1,Q54_2,Q54_3,Q54_4,Q54_5,Q54_6,Q54_7,Q54_8,Q54_9,Q54_10,Q54_11,Q42,Q43,Q45,Q46,Q47,Q48,Q49,Q50,Q51
11/21/2018 20:15,11/21/2018 20:16,IP Address,107.242.117.10,100,40,TRUE,11/21/2018 20:16,R_3psg68mAxRCSrZw,,,,,37.75100708,-97.8219986,anonymous,EN,"I consent, begin the study",1.132,13.367,14.057,35,,,,,,,,,,,,Buy,Won't buy,Buy,Won't buy,Buy,Won't buy,Buy,Won't buy,Buy,Buy,Won't buy,2-3 times a week,Significantly less than half,18 - 25 years old,Other,Prefer not to answer,American Indian or Alaska Native,High school or equivalent,Employed part time (up to 39 hours a week),"$10,000 - $24,999"
11/15/2018 11:03,11/15/2018 11:05,IP Address,128.237.180.194,6,136,FALSE,11/22/2018 11:05,R_33CLA9uFOb9vyaj,,,,,,,anonymous,EN,"I consent, begin the study",,,,,,,,,,,,,,,,,,,,,,,,,,,,,,,,,,,
11/15/2018 11:00,11/15/2018 11:05,IP Address,128.237.180.194,50,270,FALSE,11/22/2018 11:05,R_1fZQrP1M3SVefQ9,,,,,,,anonymous,EN,"I consent, begin the study",55.689,68.363,70.125,11,Buy,Buy,Buy,Buy,Buy,Buy,Buy,Buy,Buy,Buy,Buy,,,,,,,,,,,,Daily,None,,,,,,,
11/23/2018 9:21,11/23/2018 9:24,IP Address,197.210.45.150,100,181,TRUE,11/23/2018 9:24,R_2zqew1Dd72EKARb,,,,,6.453094482,3.395797729,anonymous,EN,"I consent, begin the study",5.24,73.586,74.701,37,Won't buy,Buy,Buy,Won't buy,Buy,Buy,Buy,Won't buy,Won't buy,Buy,Won't buy,,,,,,,,,,,,Less often,Significantly less than half,36 - 45 years old,Male,No,Black or African American,"Bachelor's degree (e.g. BA, BS)",Self-employed,"$10,000 - $24,999"
11/23/2018 9:49,11/23/2018 9:52,IP Address,41.58.77.130,100,179,TRUE,11/23/2018 9:52,R_1gOTcXxNNTghJwF,,,,,6.453094482,3.395797729,anonymous,EN,"I consent, begin the study",7.253,54.68,55.902,41,Won't buy,Buy,Buy,Buy,Buy,Won't buy,Buy,Buy,Won't buy,Won't buy,Buy,,,,,,,,,,,,2-3 times a month,None,26 - 35 years old,Male,No,Black or African American,"Master's degree (e.g. MA, MS, MEd)",Self-employed,"$1 - $9,999"
11/23/2018 10:15,11/23/2018 10:20,IP Address,99.203.0.252,100,281,TRUE,11/23/2018 10:20,R_2tfAy5Ze72uiSxS,,,,,42.33760071,-83.13030243,anonymous,EN,"I consent, begin the study",4.099,37.688,38.68,38,Won't buy,Won't buy,Buy,Buy,Buy,Won't buy,Won't buy,Buy,Won't buy,Won't buy,Won't buy,,,,,,,,,,,,2-3 times a month,Approximately half,26 - 35 years old,Male,No,Asian,"Master's degree (e.g. MA, MS, MEd)",Student,"$50,000 - $74,999"
11/23/2018 13:47,11/23/2018 13:48,IP Address,71.60.32.220,100,47,TRUE,11/23/2018 13:48,R_126hIUAagAHiUht,,,,,40.43080139,-79.92050171,anonymous,EN,"I consent, begin the study",0.794,13.357,14.011,33,,,,,,,,,,,,Buy,Won't buy,Won't buy,Won't buy,Buy,Won't buy,Won't buy,Won't buy,Won't buy,Buy,Won't buy,Less often,Significantly more than half,18 - 25 years old,Female,No,Asian,"Master's degree (e.g. MA, MS, MEd)",Student,"$1 - $9,999"
11/23/2018 14:01,11/23/2018 14:03,IP Address,81.108.92.196,100,104,TRUE,11/23/2018 14:03,R_11XTpnwtL8q8soJ,,,,,51.65530396,-0.395996094,anonymous,EN,"I consent, begin the study",4.132,34.504,35.501,33,Won't buy,Won't buy,Buy,Won't buy,Won't buy,Won't buy,Won't buy,Buy,Won't buy,Won't buy,Won't buy,,,,,,,,,,,,Once a month,Approximately half,46 - 55 years old,Female,No,Black or African American,"Master's degree (e.g. MA, MS, MEd)",Self-employed,No income
11/23/2018 15:59,11/23/2018 16:01,IP Address,82.152.118.49,100,148,TRUE,11/23/2018 16:01,R_rr0XOUs1adz1sml,,,,,52.60650635,-1.658096313,anonymous,EN,"I consent, begin the study",1.437,18.474,20.502,7,Won't buy,Won't buy,Won't buy,Won't buy,Won't buy,Won't buy,Won't buy,Won't buy,Won't buy,Won't buy,Won't buy,,,,,,,,,,,,Less often,None,26 - 35 years old,Male,No,White or Caucasian,"Master's degree (e.g. MA, MS, MEd)",Employed part time (up to 39 hours a week),"$25,000 - $49,999"
11/23/2018 16:43,11/23/2018 16:48,IP Address,105.112.98.30,100,330,TRUE,11/23/2018 16:48,R_1Kkeh5gP1EQxURC,,,,,6.335006714,5.627502441,anonymous,EN,"I consent, begin the study",9.966,161.169,163.599,75,,,,,,,,,,,,Won't buy,Won't buy,Won't buy,Buy,Buy,Buy,Buy,Buy,Buy,Won't buy,Buy,Once a week,Significantly less than half,26 - 35 years old,Male,No,Black or African American,"Bachelor's degree (e.g. BA, BS)",Employed full time (40 hours or more a week),"$10,000 - $24,999"
11/23/2018 16:51,11/23/2018 16:57,IP Address,41.190.30.161,100,364,TRUE,11/23/2018 16:57,R_3HuVadVKA4VVgzb,,,,,6.453094482,3.395797729,anonymous,EN,"I consent, begin the study",3.294,71.63,72.699,51,,,,,,,,,,,,Won't buy,Won't buy,Buy,Buy,Won't buy,Won't buy,Won't buy,Won't buy,Buy,Buy,Buy,Less often,Significantly less than half,26 - 35 years old,Female,No,Black or African American,"Master's degree (e.g. MA, MS, MEd)",Employed full time (40 hours or more a week),"$1 - $9,999"
11/23/2018 19:19,11/23/2018 19:23,IP Address,68.114.48.216,100,213,TRUE,11/23/2018 19:23,R_1mEtDMIQDMwQpCs,,,,,42.28939819,-71.7888031,anonymous,EN,"I consent, begin the study",69.351,110.958,112.444,12,,,,,,,,,,,,Buy,Buy,Won't buy,Buy,Buy,Won't buy,Buy,Buy,Buy,Buy,Buy,2-3 times a month,Approximately half,18 - 25 years old,Male,No,Asian,"Master's degree (e.g. MA, MS, MEd)",Student,No income
11/23/2018 19:39,11/23/2018 19:41,IP Address,172.58.233.162,100,147,TRUE,11/23/2018 19:42,R_3ERSAdmaqAlaAtB,,,,,40.72360229,-74.20149994,anonymous,EN,"I consent, begin the study",0.226,25.323,26.301,34,,,,,,,,,,,,Buy,Won't buy,Won't buy,Buy,Buy,Buy,Buy,Buy,Won't buy,Won't buy,Won't buy,Less often,Significantly more than half,26 - 35 years old,Female,No,Black or African American,"Master's degree (e.g. MA, MS, MEd)",Employed full time (40 hours or more a week),"$50,000 - $74,999"
11/23/2018 19:44,11/23/2018 19:47,IP Address,104.167.182.150,100,149,TRUE,11/23/2018 19:47,R_PFAmNS5zFVpwR1v,,,,,37.75100708,-97.8219986,anonymous,EN,"I consent, begin the study",7.404,54.592,56.723,39,,,,,,,,,,,,Won't buy,Won't buy,Buy,Won't buy,Won't buy,Won't buy,Won't buy,Won't buy,Won't buy,Won't buy,Won't buy,Less often,None,26 - 35 years old,Female,No,Prefer not to answer,"Doctorate (e.g. PhD, EdD)",Employed full time (40 hours or more a week),Prefer not to answer
11/23/2018 20:55,11/23/2018 20:59,IP Address,58.200.235.32,100,259,TRUE,11/23/2018 20:59,R_NV0u0BdhIVWafa9,,,,,39.92880249,116.3888855,anonymous,EN,"I consent, begin the study",9.748,58.3,59.292,44,Won't buy,Buy,Won't buy,Buy,Buy,Won't buy,Won't buy,Buy,Buy,Won't buy,Buy,,,,,,,,,,,,Less often,Approximately half,18 - 25 years old,Male,No,Asian,"Doctorate (e.g. PhD, EdD)",Student,"$10,000 - $24,999"
11/23/2018 21:05,11/23/2018 21:08,IP Address,140.180.242.123,100,146,TRUE,11/23/2018 21:08,R_3CQ8XmmVGJ5vhZ1,,,,,40.36659241,-74.64080048,anonymous,EN,"I consent, begin the study",1.885,39.824,40.809,41,Won't buy,Buy,Won't buy,Won't buy,Buy,Won't buy,Won't buy,Won't buy,Buy,Won't buy,Won't buy,,,,,,,,,,,,Less often,Significantly more than half,18 - 25 years old,Female,No,Asian,"Doctorate (e.g. PhD, EdD)",Employed full time (40 hours or more a week),"$25,000 - $49,999"
11/23/2018 21:15,11/23/2018 21:18,IP Address,197.229.2.237,100,220,TRUE,11/23/2018 21:18,R_3w5Tw6e9Cy8E45r,,,,,-33.91670227,18.41670227,anonymous,EN,"I consent, begin the study",25.852,69.969,71.824,11,Buy,Buy,Won't buy,Won't buy,Won't buy,Buy,Won't buy,Buy,Won't buy,Won't buy,Buy,,,,,,,,,,,,Less often,All,Above 55 years old,Female,Yes,White or Caucasian,"Some college, no degree",Retired,"$10,000 - $24,999"
11/23/2018 21:16,11/23/2018 21:19,IP Address,66.199.122.18,100,178,TRUE,11/23/2018 21:19,R_1IaZBJ90OJ1tY3W,,,,,42.05459595,-87.69429779,anonymous,EN,"I consent, begin the study",7.841,63.782,64.612,61,Won't buy,Buy,Won't buy,Buy,Won't buy,Won't buy,Won't buy,Won't buy,Buy,Won't buy,Won't buy,,,,,,,,,,,,2-3 times a month,Significantly more than half,18 - 25 years old,Female,No,Asian,"Master's degree (e.g. MA, MS, MEd)",Student,No income
11/23/2018 21:14,11/23/2018 21:19,IP Address,116.49.61.240,100,280,TRUE,11/23/2018 21:19,R_2QfEihAxSPIAhgB,,,,,22.28329468,114.1499939,anonymous,EN,"I consent, begin the study",8.961,55.126,55.964,51,,,,,,,,,,,,Won't buy,Won't buy,Buy,Buy,Buy,Won't buy,Won't buy,Won't buy,Won't buy,Won't buy,Won't buy,Once a week,Significantly more than half,18 - 25 years old,Female,No,Asian,"Master's degree (e.g. MA, MS, MEd)",Unemployed and currently looking for work,No income
11/23/2018 21:19,11/23/2018 21:22,IP Address,175.159.126.195,100,188,TRUE,11/23/2018 21:22,R_1FwHAUJU4afXwNh,,,,,22.31669617,114.1832886,anonymous,EN,"I consent, begin the study",1.19,63.686,65.16,64,,,,,,,,,,,,Won't buy,Won't buy,Won't buy,Buy,Won't buy,Won't buy,Won't buy,Won't buy,Won't buy,Won't buy,Won't buy,2-3 times a month,Significantly less than half,18 - 25 years old,Male,No,Asian,"Bachelor's degree (e.g. BA, BS)",Student,"$25,000 - $49,999"
11/23/2018 21:32,11/23/2018 21:37,IP Address,108.188.184.199,100,340,TRUE,11/23/2018 21:37,R_3ikbqJhBcMEE4Tt,,,,,28.39100647,-80.78700256,anonymous,EN,"I consent, begin the study",6.866,137.234,138.167,58,,,,,,,,,,,,Won't buy,Won't buy,Buy,Buy,Won't buy,Won't buy,Won't buy,Won't buy,Won't buy,Won't buy,Won't buy,Less often,Significantly less than half,18 - 25 years old,Female,No,Asian,"Bachelor's degree (e.g. BA, BS)",Student,"$1 - $9,999"
11/23/2018 21:40,11/23/2018 21:41,IP Address,98.111.246.4,100,109,TRUE,11/23/2018 21:41,R_Z4tEflgvcHkpJNT,,,,,40.43080139,-79.92050171,anonymous,EN,"I consent, begin the study",3.774,37.778,38.56,43,Won't buy,Won't buy,Won't buy,Won't buy,Won't buy,Won't buy,Won't buy,Won't buy,Won't buy,Won't buy,Won't buy,,,,,,,,,,,,Less often,Significantly less than half,18 - 25 years old,Female,No,Asian,"Bachelor's degree (e.g. BA, BS)",Student,"$1 - $9,999"
11/23/2018 21:08,11/23/2018 22:03,IP Address,45.62.102.147,100,3335,TRUE,11/23/2018 22:03,R_3nD8c0uIIs9okKg,,,,,34.0493927,-118.2640991,anonymous,EN,"I consent, begin the study",2.207,31.134,32.701,12,Won't buy,Buy,Won't buy,Won't buy,Buy,Won't buy,Won't buy,Buy,Won't buy,Won't buy,Buy,,,,,,,,,,,,Once a month,Significantly less than half,18 - 25 years old,Male,No,Asian,"Master's degree (e.g. MA, MS, MEd)",Student,"$1 - $9,999"
11/23/2018 22:02,11/23/2018 22:04,IP Address,73.15.39.228,100,110,TRUE,11/23/2018 22:04,R_3iF5mvu1KUCV59H,,,,,37.34829712,-121.9844055,anonymous,EN,"I consent, begin the study",1.628,40.002,41.702,37,,,,,,,,,,,,Won't buy,Buy,Won't buy,Won't buy,Won't buy,Buy,Won't buy,Won't buy,Buy,Won't buy,Buy,Once a week,Significantly more than half,18 - 25 years old,Male,No,Asian,"Master's degree (e.g. MA, MS, MEd)",Employed full time (40 hours or more a week),"Above $150,000"
11/23/2018 22:04,11/23/2018 22:06,IP Address,99.203.55.152,100,97,TRUE,11/23/2018 22:06,R_6AwLEOj2Qg8uJBD,,,,,40.78160095,-73.95110321,anonymous,EN,"I consent, begin the study",0.829,28.86,29.6,35,Won't buy,Buy,Buy,Buy,Buy,Won't buy,Buy,Buy,Buy,Buy,Buy,,,,,,,,,,,,2-3 times a month,Significantly less than half,18 - 25 years old,Male,No,Asian,"Bachelor's degree (e.g. BA, BS)",Student,"$50,000 - $74,999"
11/23/2018 22:03,11/23/2018 22:06,IP Address,207.237.117.20,100,195,TRUE,11/23/2018 22:06,R_z8MJKZZQkxlIvNT,,,,,40.7651062,-73.9858017,anonymous,EN,"I consent, begin the study",6.879,59.292,60.884,39,Won't buy,Buy,Buy,Buy,Won't buy,Won't buy,Buy,Buy,Buy,Won't buy,Won't buy,,,,,,,,,,,,Less often,Significantly more than half,18 - 25 years old,Female,No,Asian,"Master's degree (e.g. MA, MS, MEd)",Student,No income
11/23/2018 22:08,11/23/2018 22:11,IP Address,98.111.246.4,100,165,TRUE,11/23/2018 22:11,R_PLCkyiXUx6hIMyR,,,,,40.43080139,-79.92050171,anonymous,EN,"I consent, begin the study",1.5,50.153,50.98,37,,,,,,,,,,,,Buy,Won't buy,Won't buy,Won't buy,Won't buy,Buy,Won't buy,Buy,Buy,Buy,Buy,2-3 times a month,Significantly less than half,26 - 35 years old,Male,No,Asian,"Doctorate (e.g. PhD, EdD)",Student,"$10,000 - $24,999"
11/23/2018 22:27,11/23/2018 22:30,IP Address,158.222.154.30,100,171,TRUE,11/23/2018 22:30,R_9YzSokI4xopAqlP,,,,,40.81159973,-73.95500183,anonymous,EN,"I consent, begin the study",4.702,75.653,75.718,57,Won't buy,Buy,Won't buy,Won't buy,Won't buy,Won't buy,Buy,Buy,Won't buy,Buy,Won't buy,,,,,,,,,,,,Less often,Approximately half,18 - 25 years old,Female,No,Asian,"Bachelor's degree (e.g. BA, BS)",Employed part time (up to 39 hours a week),"$10,000 - $24,999"
11/23/2018 22:35,11/23/2018 22:37,IP Address,65.112.138.226,100,145,TRUE,11/23/2018 22:37,R_32UTCeazreP0zeH,,,,,28.63439941,-81.62210083,anonymous,EN,"I consent, begin the study",0.543,58.689,59.514,48,,,,,,,,,,,,Buy,Won't buy,Won't buy,Won't buy,Won't buy,Won't buy,Won't buy,Buy,Won't buy,Won't buy,Won't buy,Once a week,Approximately half,18 - 25 years old,Female,No,Asian,"Master's degree (e.g. MA, MS, MEd)",Student,No income
11/23/2018 22:38,11/23/2018 22:42,IP Address,99.42.46.81,100,206,TRUE,11/23/2018 22:42,R_2rr8DwLFtlWV4zw,,,,,29.82989502,-95.37689972,anonymous,EN,"I consent, begin the study",2.044,53.757,54.48,48,,,,,,,,,,,,Won't buy,Won't buy,Won't buy,Won't buy,Won't buy,Won't buy,Won't buy,Won't buy,Won't buy,Won't buy,Won't buy,2-3 times a month,None,26 - 35 years old,Female,Yes,White or Caucasian,"Bachelor's degree (e.g. BA, BS)",Student,"$10,000 - $24,999"
11/23/2018 22:41,11/23/2018 22:44,IP Address,107.150.98.219,100,133,TRUE,11/23/2018 22:44,R_2asK7gbwmoYdQZI,,,,,34.07290649,-118.2606049,anonymous,EN,"I consent, begin the study",0.327,38.601,39.614,39,,,,,,,,,,,,Buy,Won't buy,Won't buy,Won't buy,Buy,Won't buy,Won't buy,Buy,Buy,Won't buy,Buy,Less often,Significantly less than half,18 - 25 years old,Male,No,Asian,"Bachelor's degree (e.g. BA, BS)",Student,"$1 - $9,999"
11/23/2018 22:46,11/23/2018 22:49,IP Address,67.171.68.21,100,191,TRUE,11/23/2018 22:49,R_3KvGhYPGMtexBP0,,,,,40.44400024,-79.9552002,anonymous,EN,"I consent, begin the study",6.016,115.927,118.047,131,Buy,Won't buy,Won't buy,Won't buy,Won't buy,Won't buy,Won't buy,Won't buy,Won't buy,Buy,Won't buy,,,,,,,,,,,,Less often,Approximately half,18 - 25 years old,Female,No,Asian,"Master's degree (e.g. MA, MS, MEd)",Student,No income
11/23/2018 22:48,11/23/2018 22:54,IP Address,23.242.138.63,100,378,TRUE,11/23/2018 22:54,R_1IsbmgKiJ0IxrAr,,,,,34.06599426,-118.473999,anonymous,EN,"I consent, begin the study",8.486,155.257,156.304,44,,,,,,,,,,,,Won't buy,Won't buy,Won't buy,Buy,Won't buy,Won't buy,Won't buy,Won't buy,Won't buy,Buy,Won't buy,2-3 times a month,Significantly less than half,18 - 25 years old,Female,No,Asian,"Bachelor's degree (e.g. BA, BS)",Unemployed and currently looking for work,"$100,000 - $149,999"
11/23/2018 23:04,11/23/2018 23:07,IP Address,60.127.13.248,100,126,TRUE,11/23/2018 23:07,R_25vfxUpf8xVbrft,,,,,35.74339294,139.6836853,anonymous,EN,"I consent, begin the study",4.358,56.309,57.857,100,Won't buy,Won't buy,Won't buy,Buy,Won't buy,Won't buy,Won't buy,Won't buy,Won't buy,Won't buy,Won't buy,,,,,,,,,,,,Less often,Significantly less than half,18 - 25 years old,Male,No,Asian,"Bachelor's degree (e.g. BA, BS)",Student,"$1 - $9,999"
11/23/2018 23:54,11/23/2018 23:56,IP Address,128.12.245.4,100,128,TRUE,11/23/2018 23:56,R_33cZ512Wf3jx8je,,,,,37.42359924,-122.1618958,anonymous,EN,"I consent, begin the study",7.705,42.226,43.171,43,Won't buy,Won't buy,Won't buy,Buy,Won't buy,Won't buy,Buy,Won't buy,Won't buy,Won't buy,Won't buy,,,,,,,,,,,,Once a month,Significantly less than half,18 - 25 years old,Female,No,Asian,"Master's degree (e.g. MA, MS, MEd)",Student,No income
11/23/2018 15:47,11/24/2018 0:16,IP Address,41.58.249.23,100,30496,TRUE,11/24/2018 0:16,R_BQgJzKd0Lym5v4R,,,,,6.453094482,3.395797729,anonymous,EN,"I consent, begin the study",17.947,58.908,59.707,38,,,,,,,,,,,,Buy,Buy,Buy,Buy,Buy,Buy,Buy,Won't buy,Won't buy,Buy,Won't buy,2-3 times a week,Significantly less than half,26 - 35 years old,Male,No,Black or African American,"Master's degree (e.g. MA, MS, MEd)",Employed full time (40 hours or more a week),"$10,000 - $24,999"
11/24/2018 1:15,11/24/2018 1:18,IP Address,148.252.129.186,100,166,TRUE,11/24/2018 1:18,R_1mVPBTFeSEYUlBa,,,,,51.49639893,-0.122406006,anonymous,EN,"I consent, begin the study",4.147,62.184,63.15,42,,,,,,,,,,,,Won't buy,Won't buy,Buy,Won't buy,Won't buy,Won't buy,Won't buy,Buy,Buy,Won't buy,Won't buy,Less often,All,26 - 35 years old,Female,No,Black or African American,"Master's degree (e.g. MA, MS, MEd)",Student,"$25,000 - $49,999"
11/24/2018 2:57,11/24/2018 3:00,IP Address,5.71.163.96,100,151,TRUE,11/24/2018 3:00,R_3KBDaXLkcgfXpEY,,,,,51.26249695,-1.087097168,anonymous,EN,"I consent, begin the study",11.742,60.318,61.313,37,,,,,,,,,,,,Won't buy,Won't buy,Buy,Buy,Won't buy,Won't buy,Won't buy,Won't buy,Won't buy,Won't buy,Won't buy,Less often,None,26 - 35 years old,Male,No,Black or African American,"Bachelor's degree (e.g. BA, BS)",Employed full time (40 hours or more a week),"$25,000 - $49,999"
11/24/2018 3:59,11/24/2018 4:02,IP Address,173.33.36.198,100,147,TRUE,11/24/2018 4:02,R_1FA6uodXgrkbfaY,,,,,43.56370544,-79.72019958,anonymous,EN,"I consent, begin the study",3.344,33.204,34.136,42,Won't buy,Won't buy,Buy,Buy,Won't buy,Won't buy,Won't buy,Won't buy,Won't buy,Won't buy,Won't buy,,,,,,,,,,,,Less often,None,36 - 45 years old,Male,No,Black or African American,"Master's degree (e.g. MA, MS, MEd)",Employed full time (40 hours or more a week),"$50,000 - $74,999"
11/24/2018 5:13,11/24/2018 5:15,IP Address,67.171.68.21,100,113,TRUE,11/24/2018 5:15,R_0VTQ17o57FQagFz,,,,,40.44400024,-79.9552002,anonymous,EN,"I consent, begin the study",8.505,43.075,44.065,51,,,,,,,,,,,,Buy,Won't buy,Won't buy,Won't buy,Won't buy,Won't buy,Buy,Won't buy,Won't buy,Buy,Won't buy,2-3 times a month,Approximately half,18 - 25 years old,Female,No,Asian,"Master's degree (e.g. MA, MS, MEd)",Student,No income
11/24/2018 5:11,11/24/2018 5:24,IP Address,90.199.223.248,100,782,TRUE,11/24/2018 5:24,R_2qqJ2KdhBaxYPwR,,,,,51.51609802,-0.094894409,anonymous,EN,"I consent, begin the study",4.045,47.209,53.458,12,Won't buy,Won't buy,Won't buy,Buy,Won't buy,Won't buy,Won't buy,Won't buy,Won't buy,Won't buy,Won't buy,,,,,,,,,,,,Less often,Significantly more than half,18 - 25 years old,Male,No,Black or African American,"Master's degree (e.g. MA, MS, MEd)",Employed full time (40 hours or more a week),"$25,000 - $49,999"
11/24/2018 6:59,11/24/2018 7:01,IP Address,99.243.188.5,100,131,TRUE,11/24/2018 7:01,R_2P1qMoD4VnDcWHX,,,,,43.01469421,-81.30490112,anonymous,EN,"I consent, begin the study",14.993,48.857,50.36,55,,,,,,,,,,,,Won't buy,Won't buy,Buy,Buy,Won't buy,Won't buy,Won't buy,Won't buy,Won't buy,Won't buy,Won't buy,Once a month,None,18 - 25 years old,Female,No,Asian,"Master's degree (e.g. MA, MS, MEd)",Student,No income
11/24/2018 13:23,11/24/2018 13:26,IP Address,41.190.30.15,100,169,TRUE,11/24/2018 13:26,R_1gjd0mxadV4OxjU,,,,,6.453094482,3.395797729,anonymous,EN,"I consent, begin the study",8.621,55.714,57.091,36,,,,,,,,,,,,Won't buy,Won't buy,Buy,Buy,Won't buy,Won't buy,Won't buy,Won't buy,Won't buy,Won't buy,Won't buy,2-3 times a month,None,26 - 35 years old,Female,No,Black or African American,"Master's degree (e.g. MA, MS, MEd)",Employed part time (up to 39 hours a week),"$1 - $9,999"
11/24/2018 15:08,11/24/2018 15:13,IP Address,76.90.168.37,100,256,TRUE,11/24/2018 15:13,R_22Y8vIVFHjKfKyB,,,,,34.39849854,-118.5534973,anonymous,EN,"I consent, begin the study",7.187,83.65,86.008,46,Won't buy,Buy,Won't buy,Won't buy,Won't buy,Won't buy,Won't buy,Buy,Won't buy,Buy,Won't buy,,,,,,,,,,,,Less often,Significantly more than half,18 - 25 years old,Female,No,Asian,"Bachelor's degree (e.g. BA, BS)",Self-employed,"$1 - $9,999"
11/24/2018 17:30,11/24/2018 17:32,IP Address,172.58.201.216,100,114,TRUE,11/24/2018 17:32,R_2V3akD5WKYiv40w,,,,,39.9447937,-75.22879791,anonymous,EN,"I consent, begin the study",15.156,47.301,48.393,36,Won't buy,Buy,Buy,Buy,Won't buy,Won't buy,Buy,Buy,Won't buy,Won't buy,Won't buy,,,,,,,,,,,,Once a month,Significantly less than half,26 - 35 years old,Female,No,Black or African American,"Doctorate (e.g. PhD, EdD)",Student,"$10,000 - $24,999"
11/24/2018 18:35,11/24/2018 18:38,IP Address,65.196.126.174,100,140,TRUE,11/24/2018 18:38,R_A0rpm3Sf02HKOl3,,,,,40.5,-80.19960022,anonymous,EN,"I consent, begin the study",2.553,51.247,52.555,35,Won't buy,Won't buy,Buy,Buy,Buy,Buy,Won't buy,Won't buy,Won't buy,Won't buy,Won't buy,,,,,,,,,,,,Less often,Significantly more than half,18 - 25 years old,Female,No,Black or African American,"Master's degree (e.g. MA, MS, MEd)",Student,No income
11/24/2018 18:45,11/24/2018 18:47,IP Address,174.229.10.206,100,156,TRUE,11/24/2018 18:47,R_UmrbYsEnLpqhrjz,,,,,40.5,-80.19960022,anonymous,EN,"I consent, begin the study",2.159,44.473,45.703,11,Won't buy,Won't buy,Buy,Buy,Won't buy,Won't buy,Buy,Won't buy,Buy,Won't buy,Won't buy,,,,,,,,,,,,Once a month,Significantly more than half,26 - 35 years old,Female,No,White or Caucasian,"Master's degree (e.g. MA, MS, MEd)",Student,"$25,000 - $49,999"
11/25/2018 9:51,11/25/2018 9:56,IP Address,104.8.43.239,100,340,TRUE,11/25/2018 9:56,R_2X6TDz8bBAUW9ey,,,,,33.45050049,-88.81960297,anonymous,EN,"I consent, begin the study",7.902,73.174,73.902,44,Won't buy,Won't buy,Buy,Buy,Buy,Won't buy,Won't buy,Buy,Buy,Won't buy,Won't buy,,,,,,,,,,,,Once a month,Significantly less than half,18 - 25 years old,Female,No,Black or African American,"Master's degree (e.g. MA, MS, MEd)",Employed full time (40 hours or more a week),Prefer not to answer
11/25/2018 11:48,11/25/2018 11:50,IP Address,71.245.184.36,100,125,TRUE,11/25/2018 11:50,R_u2lWk0wTkun0KTD,,,,,40.4723053,-79.91320038,anonymous,EN,"I consent, begin the study",5.941,38.468,39.454,13,Won't buy,Won't buy,Won't buy,Won't buy,Won't buy,Won't buy,Won't buy,Buy,Buy,Won't buy,Won't buy,,,,,,,,,,,,Once a month,Significantly more than half,26 - 35 years old,Female,No,Black or African American,"Master's degree (e.g. MA, MS, MEd)",Student,"$25,000 - $49,999"
11/25/2018 14:00,11/25/2018 14:04,IP Address,173.75.1.185,100,216,TRUE,11/25/2018 14:04,R_sAvQGslhGdvAfwR,,,,,40.43080139,-79.92050171,anonymous,EN,"I consent, begin the study",2.145,64.124,64.863,41,Won't buy,Buy,Won't buy,Buy,Buy,Won't buy,Won't buy,Buy,Buy,Won't buy,Won't buy,,,,,,,,,,,,Less often,All,26 - 35 years old,Female,No,Black or African American,"Master's degree (e.g. MA, MS, MEd)",Student,"$10,000 - $24,999"
11/25/2018 15:09,11/25/2018 15:10,IP Address,173.75.1.21,100,85,TRUE,11/25/2018 15:10,R_z5WC2gkogiH27g5,,,,,40.43080139,-79.92050171,anonymous,EN,"I consent, begin the study",1.909,17.985,19.702,11,,,,,,,,,,,,Won't buy,Won't buy,Won't buy,Won't buy,Won't buy,Won't buy,Won't buy,Won't buy,Won't buy,Won't buy,Won't buy,2-3 times a month,None,26 - 35 years old,Female,No,Black or African American,"Master's degree (e.g. MA, MS, MEd)",Student,"$25,000 - $49,999"
11/25/2018 15:09,11/25/2018 15:14,IP Address,74.109.254.96,100,320,TRUE,11/25/2018 15:14,R_290KcbupFXMTKUS,,,,,40.43080139,-79.92050171,anonymous,EN,"I consent, begin the study",1.49,99.69,100.58,69,,,,,,,,,,,,Won't buy,Won't buy,Won't buy,Won't buy,Won't buy,Won't buy,Won't buy,Won't buy,Won't buy,Won't buy,Won't buy,Once a month,Significantly less than half,18 - 25 years old,Female,No,Prefer not to answer,"Bachelor's degree (e.g. BA, BS)",Student,No income
11/25/2018 15:11,11/25/2018 15:16,IP Address,67.171.66.207,100,315,TRUE,11/25/2018 15:16,R_pxWG1Y1WhxDpFsJ,,,,,40.43080139,-79.92050171,anonymous,EN,"I consent, begin the study",9.072,56.9,57.998,49,Won't buy,Won't buy,Buy,Buy,Won't buy,Won't buy,Won't buy,Won't buy,Won't buy,Won't buy,Won't buy,,,,,,,,,,,,Once a month,Significantly less than half,18 - 25 years old,Female,No,Black or African American,"Bachelor's degree (e.g. BA, BS)",Student,"$10,000 - $24,999"
11/25/2018 15:17,11/25/2018 15:18,IP Address,74.98.221.22,100,97,TRUE,11/25/2018 15:18,R_xtSwKPml38xcuFb,,,,,40.4723053,-79.91320038,anonymous,EN,"I consent, begin the study",5.308,42.772,43.996,36,Won't buy,Won't buy,Buy,Won't buy,Won't buy,Won't buy,Won't buy,Buy,Buy,Buy,Buy,,,,,,,,,,,,2-3 times a week,Significantly more than half,26 - 35 years old,Female,No,Black or African American,"Bachelor's degree (e.g. BA, BS)",Student,"$1 - $9,999"
11/25/2018 15:19,11/25/2018 15:21,IP Address,71.182.150.39,100,124,TRUE,11/25/2018 15:21,R_2YxPtftcCt3ttVE,,,,,40.44400024,-79.9552002,anonymous,EN,"I consent, begin the study",4.253,45.022,45.979,45,Won't buy,Won't buy,Won't buy,Won't buy,Won't buy,Won't buy,Buy,Won't buy,Won't buy,Won't buy,Won't buy,,,,,,,,,,,,Once a week,Significantly less than half,26 - 35 years old,Female,No,Black or African American,"Professional degree (e.g. MD, DDS, DVM)",Student,"$10,000 - $24,999"
11/25/2018 15:25,11/25/2018 15:26,IP Address,128.237.113.182,100,79,TRUE,11/25/2018 15:26,R_1gRO8hQuaSeOKFK,,,,,40.44400024,-79.9552002,anonymous,EN,"I consent, begin the study",4.492,25.58,26.2,35,,,,,,,,,,,,Won't buy,Won't buy,Won't buy,Buy,Won't buy,Won't buy,Won't buy,Won't buy,Won't buy,Won't buy,Won't buy,2-3 times a month,Approximately half,26 - 35 years old,Male,No,Asian,"Master's degree (e.g. MA, MS, MEd)",Student,No income
11/25/2018 15:27,11/25/2018 15:29,IP Address,142.114.119.143,100,106,TRUE,11/25/2018 15:29,R_1j8Rbqn2is6WGz1,,,,,43.66560364,-79.38300323,anonymous,EN,"I consent, begin the study",9.49,29.879,33.27,13,Won't buy,Won't buy,Won't buy,Won't buy,Won't buy,Won't buy,Won't buy,Won't buy,Won't buy,Won't buy,Won't buy,,,,,,,,,,,,Less often,None,18 - 25 years old,Female,No,Asian,"Bachelor's degree (e.g. BA, BS)",Employed full time (40 hours or more a week),"$100,000 - $149,999"
11/25/2018 15:29,11/25/2018 15:31,IP Address,73.79.230.222,100,121,TRUE,11/25/2018 15:31,R_1l4aV54mmN1Jgla,,,,,40.47520447,-79.95279694,anonymous,EN,"I consent, begin the study",2.882,45.928,46.801,47,,,,,,,,,,,,Buy,Won't buy,Buy,Won't buy,Won't buy,Buy,Buy,Won't buy,Won't buy,Won't buy,Won't buy,Once a month,Significantly less than half,18 - 25 years old,Female,No,Asian,"Bachelor's degree (e.g. BA, BS)",Student,No income
11/25/2018 15:27,11/25/2018 15:33,IP Address,24.3.19.45,100,388,TRUE,11/25/2018 15:33,R_1K2yA2TRIBgL7gt,,,,,40.44400024,-79.9552002,anonymous,EN,"I consent, begin the study",6.566,125.605,126.93,97,,,,,,,,,,,,Buy,Won't buy,Buy,Won't buy,Buy,Buy,Won't buy,Won't buy,Buy,Won't buy,Won't buy,Once a month,Approximately half,26 - 35 years old,Female,No,Asian,"Master's degree (e.g. MA, MS, MEd)",Student,"$10,000 - $24,999"
11/25/2018 15:40,11/25/2018 15:47,IP Address,100.6.19.56,100,420,TRUE,11/25/2018 15:47,R_b9mtVlGDMU0Ib8B,,,,,40.45979309,-79.82240295,anonymous,EN,"I consent, begin the study",6.69,60.413,61.201,36,,,,,,,,,,,,Won't buy,Won't buy,Buy,Won't buy,Won't buy,Won't buy,Won't buy,Won't buy,Won't buy,Won't buy,Won't buy,Less often,Significantly less than half,26 - 35 years old,Female,No,Black or African American,"Bachelor's degree (e.g. BA, BS)",Student,"$10,000 - $24,999"
11/25/2018 15:57,11/25/2018 15:59,IP Address,172.56.10.47,100,144,TRUE,11/25/2018 15:59,R_XuNZ8LclxDSHetX,,,,,42.46650696,-83.05930328,anonymous,EN,"I consent, begin the study",3.92,71.689,72.658,44,,,,,,,,,,,,Won't buy,Won't buy,Buy,Buy,Won't buy,Won't buy,Won't buy,Won't buy,Won't buy,Won't buy,Won't buy,Once a month,Significantly less than half,26 - 35 years old,Female,No,Black or African American,"Master's degree (e.g. MA, MS, MEd)",Student,"$25,000 - $49,999"
11/25/2018 16:11,11/25/2018 16:13,IP Address,128.237.112.97,100,148,TRUE,11/25/2018 16:13,R_3ef6WvfKSCh2yxq,,,,,40.44400024,-79.9552002,anonymous,EN,"I consent, begin the study",1.51,30.185,30.89,39,,,,,,,,,,,,Won't buy,Won't buy,Won't buy,Won't buy,Won't buy,Won't buy,Won't buy,Won't buy,Buy,Won't buy,Won't buy,Less often,Significantly less than half,18 - 25 years old,Female,No,Asian,"Bachelor's degree (e.g. BA, BS)",Student,"$10,000 - $24,999"
11/25/2018 16:12,11/25/2018 16:14,IP Address,128.237.139.215,100,146,TRUE,11/25/2018 16:14,R_2bnsZBypfpUujCN,,,,,40.44400024,-79.9552002,anonymous,EN,"I consent, begin the study",6.83,68.854,69.5,42,,,,,,,,,,,,Won't buy,Won't buy,Buy,Buy,Won't buy,Won't buy,Won't buy,Won't buy,Won't buy,Won't buy,Won't buy,Once a month,Significantly less than half,18 - 25 years old,Female,No,Asian,"Master's degree (e.g. MA, MS, MEd)",Student,"$1 - $9,999"
11/25/2018 16:12,11/25/2018 16:15,IP Address,128.237.213.107,100,151,TRUE,11/25/2018 16:15,R_2cAhRVVPgB1Yicw,,,,,40.44400024,-79.9552002,anonymous,EN,"I consent, begin the study",2.441,29.022,30.228,35,Buy,Buy,Won't buy,Won't buy,Buy,Buy,Buy,Buy,Won't buy,Won't buy,Buy,,,,,,,,,,,,Once a month,Significantly less than half,18 - 25 years old,Female,No,Asian,"Bachelor's degree (e.g. BA, BS)",Employed full time (40 hours or more a week),"$10,000 - $24,999"
11/25/2018 16:22,11/25/2018 16:24,IP Address,71.199.123.138,100,110,TRUE,11/25/2018 16:24,R_3fBFoZq5cMXgChr,,,,,40.44400024,-79.9552002,anonymous,EN,"I consent, begin the study",3.759,33.563,34.579,34,Won't buy,Won't buy,Buy,Buy,Won't buy,Buy,Won't buy,Buy,Buy,Won't buy,Won't buy,,,,,,,,,,,,Less often,Significantly more than half,26 - 35 years old,Female,No,Asian,"Bachelor's degree (e.g. BA, BS)",Employed part time (up to 39 hours a week),"$1 - $9,999"
11/25/2018 16:33,11/25/2018 16:34,IP Address,172.56.29.3,100,99,TRUE,11/25/2018 16:34,R_1hAyIqn5Z6YgxJp,,,,,40.05960083,-75.08180237,anonymous,EN,"I consent, begin the study",3.176,35.565,36.555,45,Buy,Buy,Won't buy,Won't buy,Won't buy,Won't buy,Won't buy,Won't buy,Won't buy,Won't buy,Buy,,,,,,,,,,,,2-3 times a month,Significantly more than half,18 - 25 years old,Female,No,Asian,"Master's degree (e.g. MA, MS, MEd)",Unemployed and currently looking for work,No income
11/25/2018 16:44,11/25/2018 16:47,IP Address,82.231.225.170,100,181,TRUE,11/25/2018 16:47,R_1NbonpRmZn2Dx1k,,,,,48.83309937,2.326400757,anonymous,EN,"I consent, begin the study",2.2,86.581,87.521,76,Won't buy,Won't buy,Won't buy,Won't buy,Won't buy,Won't buy,Won't buy,Won't buy,Won't buy,Won't buy,Won't buy,,,,,,,,,,,,Less often,None,18 - 25 years old,Male,No,Asian,"Bachelor's degree (e.g. BA, BS)",Student,No income
11/25/2018 16:47,11/25/2018 16:48,IP Address,174.192.56.89,100,94,TRUE,11/25/2018 16:48,R_1QlUiFTjkPNA56a,,,,,37.75100708,-97.8219986,anonymous,EN,"I consent, begin the study",5.279,25.07,26.095,41,,,,,,,,,,,,Won't buy,Won't buy,Won't buy,Won't buy,Won't buy,Won't buy,Won't buy,Won't buy,Won't buy,Won't buy,Won't buy,Once a month,Approximately half,18 - 25 years old,Female,No,Asian,"Master's degree (e.g. MA, MS, MEd)",Student,No income
11/25/2018 16:51,11/25/2018 16:52,IP Address,69.250.197.96,100,90,TRUE,11/25/2018 16:52,R_1Qtn1kYB4u1UPhZ,,,,,38.92019653,-77.03749847,anonymous,EN,"I consent, begin the study",6.254,41.39,42.174,43,,,,,,,,,,,,Won't buy,Won't buy,Won't buy,Buy,Buy,Buy,Buy,Buy,Buy,Won't buy,Won't buy,2-3 times a month,Significantly more than half,18 - 25 years old,Female,No,Asian,"Master's degree (e.g. MA, MS, MEd)",Unemployed and currently looking for work,No income
11/25/2018 16:53,11/25/2018 16:55,IP Address,107.77.204.124,100,119,TRUE,11/25/2018 16:55,R_6KFYu5fVVKH8inn,,,,,38.87590027,-77.01599884,anonymous,EN,"I consent, begin the study",3.219,19.707,20.589,35,,,,,,,,,,,,Buy,Won't buy,Won't buy,Won't buy,Won't buy,Won't buy,Won't buy,Buy,Won't buy,Won't buy,Won't buy,2-3 times a month,Significantly less than half,18 - 25 years old,Female,No,Asian,"Master's degree (e.g. MA, MS, MEd)",Student,No income
11/25/2018 17:00,11/25/2018 17:02,IP Address,128.252.25.35,100,127,TRUE,11/25/2018 17:02,R_3nr6Vx3rRFcGm6F,,,,,38.66690063,-90.32250214,anonymous,EN,"I consent, begin the study",1.818,45.566,46.157,44,,,,,,,,,,,,Won't buy,Won't buy,Won't buy,Buy,Won't buy,Won't buy,Won't buy,Won't buy,Won't buy,Won't buy,Won't buy,2-3 times a month,Approximately half,18 - 25 years old,Female,No,Asian,"Master's degree (e.g. MA, MS, MEd)",Student,"$50,000 - $74,999"
11/25/2018 16:59,11/25/2018 17:03,IP Address,66.183.144.161,100,269,TRUE,11/25/2018 17:03,R_248hoxyOrSa9Ql1,,,,,49.27949524,-123.0666962,anonymous,EN,"I consent, begin the study",4.667,48.451,49.514,35,,,,,,,,,,,,Won't buy,Won't buy,Buy,Buy,Won't buy,Won't buy,Won't buy,Buy,Buy,Won't buy,Won't buy,2-3 times a week,Approximately half,18 - 25 years old,Female,No,Asian,"Bachelor's degree (e.g. BA, BS)",Student,"$10,000 - $24,999"
11/25/2018 17:03,11/25/2018 17:05,IP Address,69.138.211.51,100,145,TRUE,11/25/2018 17:05,R_BG5NGNaXGhROQgh,,,,,38.89259338,-77.07530212,anonymous,EN,"I consent, begin the study",10.837,44.736,45.448,35,Won't buy,Buy,Won't buy,Buy,Buy,Won't buy,Won't buy,Buy,Buy,Buy,Won't buy,,,,,,,,,,,,Once a month,Significantly less than half,18 - 25 years old,Female,No,Asian,"Master's degree (e.g. MA, MS, MEd)",Student,No income
11/25/2018 17:05,11/25/2018 17:06,IP Address,67.171.66.251,100,88,TRUE,11/25/2018 17:06,R_21j50MSiSQysw3V,,,,,40.43080139,-79.92050171,anonymous,EN,"I consent, begin the study",5.388,35.828,36.338,36,,,,,,,,,,,,Won't buy,Won't buy,Won't buy,Won't buy,Won't buy,Won't buy,Buy,Won't buy,Buy,Won't buy,Won't buy,Less often,Significantly less than half,18 - 25 years old,Male,No,Asian,"Master's degree (e.g. MA, MS, MEd)",Student,"$1 - $9,999"
11/25/2018 17:08,11/25/2018 17:10,IP Address,172.58.139.195,100,89,TRUE,11/25/2018 17:10,R_2YFLmXApTn4iNLO,,,,,41.92089844,-87.70429993,anonymous,EN,"I consent, begin the study",3.023,30.877,34.668,37,Won't buy,Buy,Buy,Won't buy,Won't buy,Won't buy,Won't buy,Won't buy,Won't buy,Won't buy,Won't buy,,,,,,,,,,,,Once a month,Approximately half,18 - 25 years old,Female,No,Asian,"Master's degree (e.g. MA, MS, MEd)",Student,No income
11/25/2018 17:09,11/25/2018 17:11,IP Address,103.192.224.148,100,112,TRUE,11/25/2018 17:11,R_eK94pJ3IIZzQHYZ,,,,,22.25,114.166687,anonymous,EN,"I consent, begin the study",4.893,26.449,27.007,36,Won't buy,Buy,Won't buy,Won't buy,Buy,Won't buy,Won't buy,Won't buy,Buy,Won't buy,Buy,,,,,,,,,,,,Less often,Approximately half,18 - 25 years old,Male,No,Asian,"Bachelor's degree (e.g. BA, BS)",Employed full time (40 hours or more a week),"$10,000 - $24,999"
11/25/2018 17:08,11/25/2018 17:13,IP Address,192.154.106.155,100,326,TRUE,11/25/2018 17:13,R_3fOuL9RyudZ0nKM,,,,,34.05839539,-118.2779999,anonymous,EN,"I consent, begin the study",0.212,7.957,8.869,8,,,,,,,,,,,,Won't buy,Won't buy,Won't buy,Buy,Buy,Won't buy,Won't buy,Won't buy,Won't buy,Won't buy,Won't buy,Once a month,Significantly less than half,18 - 25 years old,Female,No,Asian,"Master's degree (e.g. MA, MS, MEd)",Employed full time (40 hours or more a week),Prefer not to answer
11/25/2018 17:11,11/25/2018 17:14,IP Address,73.129.215.224,100,133,TRUE,11/25/2018 17:14,R_SHtoF9BMvBX1e1z,,,,,38.92019653,-77.03749847,anonymous,EN,"I consent, begin the study",3.154,41.925,43.469,37,Won't buy,Won't buy,Won't buy,Won't buy,Won't buy,Won't buy,Won't buy,Won't buy,Won't buy,Won't buy,Won't buy,,,,,,,,,,,,Less often,Significantly more than half,18 - 25 years old,Female,No,Asian,"Some college, no degree",Student,No income
11/25/2018 17:16,11/25/2018 17:18,IP Address,73.129.194.204,100,126,TRUE,11/25/2018 17:18,R_2tDwvlBqEdbh5Gc,,,,,38.92019653,-77.03749847,anonymous,EN,"I consent, begin the study",4.21,69.376,70.871,68,,,,,,,,,,,,Buy,Won't buy,Won't buy,Won't buy,Won't buy,Won't buy,Won't buy,Buy,Won't buy,Buy,Won't buy,2-3 times a month,Significantly more than half,18 - 25 years old,Female,No,Asian,"Master's degree (e.g. MA, MS, MEd)",Student,No income
11/25/2018 17:17,11/25/2018 17:19,IP Address,98.236.188.19,100,101,TRUE,11/25/2018 17:19,R_1ItJo5KmPnkokqO,,,,,40.47520447,-79.95279694,anonymous,EN,"I consent, begin the study",5.813,35.012,35.769,37,Won't buy,Won't buy,Won't buy,Won't buy,Won't buy,Won't buy,Won't buy,Won't buy,Won't buy,Won't buy,Won't buy,,,,,,,,,,,,Less often,None,26 - 35 years old,Female,No,Black or African American,"Bachelor's degree (e.g. BA, BS)",Student,No income
11/25/2018 17:12,11/25/2018 17:19,IP Address,144.202.120.124,100,404,TRUE,11/25/2018 17:19,R_6Go9CxkoyBBbuNP,,,,,34.07290649,-118.2606049,anonymous,EN,"I consent, begin the study",5.351,93.124,94.139,50,Won't buy,Won't buy,Won't buy,Won't buy,Won't buy,Won't buy,Won't buy,Buy,Buy,Won't buy,Won't buy,,,,,,,,,,,,Less often,Significantly less than half,18 - 25 years old,Male,No,Prefer not to answer,"Some college, no degree",Student,"$1 - $9,999"
11/25/2018 17:20,11/25/2018 17:22,IP Address,74.98.219.227,100,100,TRUE,11/25/2018 17:22,R_1pRnyOTRkhTOSMj,,,,,40.43460083,-79.8655014,anonymous,EN,"I consent, begin the study",8.201,38.237,47.195,33,,,,,,,,,,,,Won't buy,Won't buy,Won't buy,Won't buy,Won't buy,Won't buy,Won't buy,Won't buy,Won't buy,Won't buy,Won't buy,Once a month,Approximately half,26 - 35 years old,Female,No,Black or African American,"Master's degree (e.g. MA, MS, MEd)",Student,"$50,000 - $74,999"
11/25/2018 17:29,11/25/2018 17:31,IP Address,69.137.57.93,100,140,TRUE,11/25/2018 17:31,R_b1QTmOUsUwWEHuh,,,,,38.88290405,-76.98950195,anonymous,EN,"I consent, begin the study",6.162,53.8,54.995,38,,,,,,,,,,,,Won't buy,Won't buy,Buy,Buy,Won't buy,Won't buy,Won't buy,Won't buy,Won't buy,Won't buy,Won't buy,Less often,Significantly more than half,26 - 35 years old,Male,No,Black or African American,"Bachelor's degree (e.g. BA, BS)",Student,No income
11/25/2018 17:30,11/25/2018 17:32,IP Address,68.175.49.169,100,132,TRUE,11/25/2018 17:32,R_29uZqUHzBLazV8Z,,,,,40.79750061,-73.96829987,anonymous,EN,"I consent, begin the study",7.25,59.964,61.141,38,,,,,,,,,,,,Won't buy,Won't buy,Won't buy,Buy,Won't buy,Won't buy,Won't buy,Buy,Won't buy,Buy,Won't buy,2-3 times a month,None,18 - 25 years old,Female,No,Asian,"Bachelor's degree (e.g. BA, BS)",Student,No income
11/25/2018 17:42,11/25/2018 17:44,IP Address,172.105.199.13,100,107,TRUE,11/25/2018 17:44,R_1qUwaerrbhx3Hu5,,,,,35.69000244,139.6900024,anonymous,EN,"I consent, begin the study",0.173,32.546,33.305,46,,,,,,,,,,,,Won't buy,Buy,Buy,Buy,Won't buy,Won't buy,Won't buy,Won't buy,Won't buy,Buy,Won't buy,Once a month,Significantly more than half,26 - 35 years old,Male,No,Asian,"Bachelor's degree (e.g. BA, BS)",Employed full time (40 hours or more a week),"$10,000 - $24,999"
11/25/2018 17:42,11/25/2018 17:46,IP Address,162.129.251.105,100,202,TRUE,11/25/2018 17:46,R_1q3wLE3oCOzF5UF,,,,,39.32650757,-76.60479736,anonymous,EN,"I consent, begin the study",7.698,101.563,102.701,39,Won't buy,Won't buy,Won't buy,Buy,Buy,Won't buy,Won't buy,Buy,Buy,Won't buy,Won't buy,,,,,,,,,,,,Less often,Approximately half,18 - 25 years old,Male,No,Asian,"Master's degree (e.g. MA, MS, MEd)",Student,"$1 - $9,999"
11/25/2018 17:51,11/25/2018 17:53,IP Address,128.237.124.57,100,136,TRUE,11/25/2018 17:53,R_3qmMrcTkhmYPeGy,,,,,40.44400024,-79.9552002,anonymous,EN,"I consent, begin the study",6.265,43.257,44.779,11,,,,,,,,,,,,Won't buy,Won't buy,Won't buy,Buy,Won't buy,Buy,Won't buy,Won't buy,Won't buy,Won't buy,Won't buy,Less often,Significantly less than half,26 - 35 years old,Male,No,Asian,"Master's degree (e.g. MA, MS, MEd)",Student,"$100,000 - $149,999"
11/25/2018 17:48,11/25/2018 17:58,IP Address,73.163.78.204,100,560,TRUE,11/25/2018 17:58,R_3k5uYirFKlWFg6C,,,,,39.29460144,-76.62519836,anonymous,EN,"I consent, begin the study",8.951,102.804,103.577,66,,,,,,,,,,,,Won't buy,Won't buy,Won't buy,Won't buy,Won't buy,Buy,Won't buy,Won't buy,Buy,Won't buy,Buy,Less often,Significantly more than half,26 - 35 years old,Male,No,Black or African American,"Bachelor's degree (e.g. BA, BS)",Student,Prefer not to answer
11/25/2018 17:56,11/25/2018 17:58,IP Address,50.249.51.225,100,122,TRUE,11/25/2018 17:58,R_3kA2IvRoPHJa909,,,,,39.00030518,-77.10220337,anonymous,EN,"I consent, begin the study",6.927,39.217,40.286,44,,,,,,,,,,,,Won't buy,Buy,Buy,Buy,Won't buy,Won't buy,Buy,Buy,Buy,Won't buy,Buy,Less often,Approximately half,18 - 25 years old,Female,No,Asian,"Bachelor's degree (e.g. BA, BS)",Employed part time (up to 39 hours a week),"$1 - $9,999"
11/25/2018 17:56,11/25/2018 17:59,IP Address,162.129.251.105,100,180,TRUE,11/25/2018 17:59,R_2t43TEVq568C7HP,,,,,39.32650757,-76.60479736,anonymous,EN,"I consent, begin the study",5.648,47.642,48.374,13,Buy,Won't buy,Won't buy,Won't buy,Buy,Won't buy,Won't buy,Won't buy,Won't buy,Won't buy,Won't buy,,,,,,,,,,,,2-3 times a month,Significantly more than half,18 - 25 years old,Female,No,Asian,"Master's degree (e.g. MA, MS, MEd)",Student,"$25,000 - $49,999"
11/25/2018 18:04,11/25/2018 18:06,IP Address,166.129.176.219,100,135,TRUE,11/25/2018 18:06,R_1JRBpDks0IrqPXQ,,,,,37.75100708,-97.8219986,anonymous,EN,"I consent, begin the study",0.578,43.616,44.208,64,,,,,,,,,,,,Won't buy,Won't buy,Won't buy,Won't buy,Won't buy,Won't buy,Won't buy,Won't buy,Won't buy,Won't buy,Won't buy,Less often,Significantly more than half,18 - 25 years old,Male,No,Asian,"Master's degree (e.g. MA, MS, MEd)",Student,Prefer not to answer
11/25/2018 18:09,11/25/2018 18:11,IP Address,98.198.173.240,100,121,TRUE,11/25/2018 18:11,R_1BQ9bncsAfphbrU,,,,,29.74220276,-95.49030304,anonymous,EN,"I consent, begin the study",5.906,38.192,39.148,11,,,,,,,,,,,,Buy,Won't buy,Buy,Won't buy,Won't buy,Won't buy,Buy,Won't buy,Won't buy,Won't buy,Won't buy,2-3 times a month,Significantly less than half,26 - 35 years old,Female,No,Black or African American,"Doctorate (e.g. PhD, EdD)",Student,"$1 - $9,999"
11/25/2018 18:16,11/25/2018 18:19,IP Address,72.223.26.242,100,167,TRUE,11/25/2018 18:19,R_3HvLVQ8Oze2qaoN,,,,,33.33630371,-111.9197006,anonymous,EN,"I consent, begin the study",13.926,47.672,49.042,11,,,,,,,,,,,,Won't buy,Won't buy,Won't buy,Buy,Won't buy,Won't buy,Buy,Buy,Buy,Buy,Won't buy,2-3 times a month,Significantly more than half,18 - 25 years old,Female,No,Asian,"Bachelor's degree (e.g. BA, BS)",Student,Prefer not to answer
11/25/2018 18:53,11/25/2018 18:55,IP Address,172.58.201.167,100,123,TRUE,11/25/2018 18:55,R_2V9KxJ8N16ibbah,,,,,39.9447937,-75.22879791,anonymous,EN,"I consent, begin the study",1.481,50.981,51.992,49,Won't buy,Won't buy,Won't buy,Buy,Won't buy,Won't buy,Won't buy,Won't buy,Won't buy,Won't buy,Won't buy,,,,,,,,,,,,Less often,Significantly less than half,26 - 35 years old,Female,No,Black or African American,"Bachelor's degree (e.g. BA, BS)",Student,"$25,000 - $49,999"
11/25/2018 18:56,11/25/2018 18:59,IP Address,103.114.192.82,100,192,TRUE,11/25/2018 18:59,R_242j4ctdZyPdZzC,,,,,22.25,114.166687,anonymous,EN,"I consent, begin the study",3.267,64.903,65.967,41,Won't buy,Won't buy,Won't buy,Buy,Won't buy,Won't buy,Won't buy,Buy,Buy,Won't buy,Won't buy,,,,,,,,,,,,Less often,Significantly less than half,18 - 25 years old,Female,No,Asian,"Professional degree (e.g. MD, DDS, DVM)",Employed full time (40 hours or more a week),"$1 - $9,999"
11/25/2018 18:57,11/25/2018 19:01,IP Address,67.171.73.150,100,239,TRUE,11/25/2018 19:01,R_33goNyBTEuu4EeC,,,,,40.4723053,-79.91320038,anonymous,EN,"I consent, begin the study",7.996,74.768,75.996,45,Won't buy,Won't buy,Buy,Buy,Won't buy,Buy,Buy,Buy,Buy,Buy,Won't buy,,,,,,,,,,,,Less often,Significantly less than half,26 - 35 years old,Male,No,Black or African American,"Professional degree (e.g. MD, DDS, DVM)",Employed full time (40 hours or more a week),"$50,000 - $74,999"
11/25/2018 19:11,11/25/2018 19:13,IP Address,137.132.180.3,100,135,TRUE,11/25/2018 19:13,R_3D1OnSxaWGaNESX,,,,,1.293106079,103.8558044,anonymous,EN,"I consent, begin the study",3.23,36.234,37.202,44,,,,,,,,,,,,Won't buy,Won't buy,Won't buy,Won't buy,Won't buy,Won't buy,Buy,Won't buy,Buy,Buy,Buy,Once a month,Significantly more than half,18 - 25 years old,Female,No,Asian,"Bachelor's degree (e.g. BA, BS)",Student,Prefer not to answer
11/25/2018 19:11,11/25/2018 19:14,IP Address,71.61.179.33,100,152,TRUE,11/25/2018 19:14,R_3oXy8MO4cEGpBQP,,,,,40.44400024,-79.9552002,anonymous,EN,"I consent, begin the study",3.042,45.613,47.378,47,Won't buy,Won't buy,Won't buy,Won't buy,Won't buy,Won't buy,Won't buy,Won't buy,Won't buy,Won't buy,Won't buy,,,,,,,,,,,,Less often,Significantly more than half,26 - 35 years old,Female,No,Asian,"Bachelor's degree (e.g. BA, BS)",Unemployed and currently looking for work,No income
11/25/2018 19:14,11/25/2018 19:19,IP Address,162.129.251.105,100,263,TRUE,11/25/2018 19:19,R_2ymwGK9wBL8DTHn,,,,,39.33650208,-76.54109955,anonymous,EN,"I consent, begin the study",3.224,29.993,30.035,37,,,,,,,,,,,,Won't buy,Won't buy,Won't buy,Won't buy,Won't buy,Won't buy,Won't buy,Won't buy,Won't buy,Won't buy,Won't buy,2-3 times a month,Significantly more than half,18 - 25 years old,Female,No,Asian,"Bachelor's degree (e.g. BA, BS)",Employed part time (up to 39 hours a week),"$1 - $9,999"
11/25/2018 19:44,11/25/2018 19:45,IP Address,50.93.222.53,100,115,TRUE,11/25/2018 19:45,R_31iQb9g6YwKy8Qa,,,,,43.06530762,-89.40000153,anonymous,EN,"I consent, begin the study",2.063,32.376,33.026,45,,,,,,,,,,,,Won't buy,Won't buy,Won't buy,Won't buy,Buy,Won't buy,Won't buy,Buy,Buy,Won't buy,Won't buy,2-3 times a month,Approximately half,18 - 25 years old,Female,No,Asian,"Master's degree (e.g. MA, MS, MEd)",Student,"$1 - $9,999"
11/25/2018 20:47,11/25/2018 20:50,IP Address,172.56.29.90,100,188,TRUE,11/25/2018 20:50,R_Yamgh3I5piNDuaB,,,,,40.03379822,-75.17310333,anonymous,EN,"I consent, begin the study",10.924,83.727,84.327,41,,,,,,,,,,,,Won't buy,Buy,Won't buy,Buy,Won't buy,Buy,Won't buy,Won't buy,Buy,Won't buy,Buy,Once a month,None,26 - 35 years old,Male,No,Prefer not to answer,"Bachelor's degree (e.g. BA, BS)",Student,"$25,000 - $49,999"
11/25/2018 21:06,11/25/2018 21:08,IP Address,107.77.198.78,100,93,TRUE,11/25/2018 21:08,R_6rmFILq0vk3V7eV,,,,,32.78289795,-96.87139893,anonymous,EN,"I consent, begin the study",3.079,33.248,34.298,36,,,,,,,,,,,,Buy,Won't buy,Won't buy,Won't buy,Won't buy,Won't buy,Buy,Won't buy,Won't buy,Buy,Won't buy,Once a month,Significantly more than half,18 - 25 years old,Female,No,Asian,"Master's degree (e.g. MA, MS, MEd)",Student,No income
11/25/2018 22:22,11/25/2018 22:24,IP Address,24.2.127.253,100,168,TRUE,11/25/2018 22:24,R_eILnr8T39mxfjah,,,,,40.43080139,-79.92050171,anonymous,EN,"I consent, begin the study",6.712,82.524,85.043,72,,,,,,,,,,,,Won't buy,Won't buy,Buy,Won't buy,Won't buy,Won't buy,Buy,Won't buy,Won't buy,Won't buy,Won't buy,Less often,None,18 - 25 years old,Female,No,Asian,"Master's degree (e.g. MA, MS, MEd)",Employed full time (40 hours or more a week),"$75,000 - $99,999"
11/25/2018 22:29,11/25/2018 22:30,IP Address,73.188.226.65,100,107,TRUE,11/25/2018 22:30,R_3fpCbMWWDxAymH0,,,,,39.75709534,-75.56349945,anonymous,EN,"I consent, begin the study",3.118,51.962,52.81,48,,,,,,,,,,,,Won't buy,Won't buy,Won't buy,Won't buy,Won't buy,Buy,Won't buy,Won't buy,Buy,Buy,Won't buy,2-3 times a week,Significantly more than half,18 - 25 years old,Female,No,Asian,"Master's degree (e.g. MA, MS, MEd)",Employed full time (40 hours or more a week),"$50,000 - $74,999"
11/25/2018 22:36,11/25/2018 22:38,IP Address,67.163.151.222,100,143,TRUE,11/25/2018 22:38,R_3qsSVRzuYbtFYPf,,,,,40.44400024,-79.9552002,anonymous,EN,"I consent, begin the study",5.723,55.916,56.522,40,,,,,,,,,,,,Won't buy,Won't buy,Buy,Buy,Won't buy,Won't buy,Won't buy,Won't buy,Won't buy,Won't buy,Won't buy,Less often,Significantly less than half,18 - 25 years old,Male,No,Asian,"Master's degree (e.g. MA, MS, MEd)",Student,"$1 - $9,999"
11/25/2018 23:26,11/25/2018 23:28,IP Address,172.56.28.17,100,87,TRUE,11/25/2018 23:28,R_3pmMMkjovfY0WGn,,,,,40.01179504,-75.14559937,anonymous,EN,"I consent, begin the study",0.64,30.533,31.442,50,,,,,,,,,,,,Won't buy,Buy,Won't buy,Won't buy,Won't buy,Buy,Won't buy,Won't buy,Won't buy,Won't buy,Buy,Less often,Significantly less than half,18 - 25 years old,Male,No,American Indian or Alaska Native,"Master's degree (e.g. MA, MS, MEd)",Student,No income
11/25/2018 23:33,11/25/2018 23:35,IP Address,24.3.19.45,100,118,TRUE,11/25/2018 23:35,R_2Cv75ke3NcE3G5c,,,,,40.44400024,-79.9552002,anonymous,EN,"I consent, begin the study",0.101,58.836,60.042,45,,,,,,,,,,,,Won't buy,Won't buy,Buy,Buy,Won't buy,Won't buy,Won't buy,Won't buy,Won't buy,Won't buy,Buy,Less often,None,26 - 35 years old,Male,No,Asian,"Master's degree (e.g. MA, MS, MEd)",Student,"$10,000 - $24,999"
11/25/2018 23:35,11/25/2018 23:38,IP Address,67.171.78.96,100,206,TRUE,11/25/2018 23:38,R_3e9TwrldLvZVVOx,,,,,40.47520447,-79.95279694,anonymous,EN,"I consent, begin the study",14.499,58.1,59.223,11,,,,,,,,,,,,Won't buy,Won't buy,Won't buy,Buy,Won't buy,Won't buy,Won't buy,Won't buy,Won't buy,Won't buy,Won't buy,Less often,Significantly less than half,26 - 35 years old,Male,Yes,White or Caucasian,"Master's degree (e.g. MA, MS, MEd)",Student,"$25,000 - $49,999"
11/25/2018 23:41,11/25/2018 23:42,IP Address,67.171.65.145,100,71,TRUE,11/25/2018 23:42,R_Oxa560pKIq085bz,,,,,40.45249939,-79.93190002,anonymous,EN,"I consent, begin the study",0.974,32.313,32.797,47,Won't buy,Won't buy,Buy,Buy,Won't buy,Won't buy,Won't buy,Won't buy,Won't buy,Won't buy,Won't buy,,,,,,,,,,,,Less often,Significantly less than half,18 - 25 years old,Male,No,Asian,"Master's degree (e.g. MA, MS, MEd)",Student,No income
11/25/2018 23:40,11/25/2018 23:43,IP Address,128.237.168.195,100,132,TRUE,11/25/2018 23:43,R_1GIFx5lUk6M97MU,,,,,40.44400024,-79.9552002,anonymous,EN,"I consent, begin the study",2.69,42.792,44.371,61,Buy,Won't buy,Won't buy,Buy,Won't buy,Won't buy,Buy,Won't buy,Won't buy,Buy,Buy,,,,,,,,,,,,Once a month,Approximately half,18 - 25 years old,Male,No,Asian,"Master's degree (e.g. MA, MS, MEd)",Student,No income
11/26/2018 0:04,11/26/2018 0:06,IP Address,73.79.229.106,100,134,TRUE,11/26/2018 0:06,R_2S1dsPukL9JGYJ7,,,,,40.44400024,-79.9552002,anonymous,EN,"I consent, begin the study",3.882,67.972,68.738,75,,,,,,,,,,,,Won't buy,Won't buy,Won't buy,Won't buy,Won't buy,Won't buy,Won't buy,Won't buy,Buy,Won't buy,Won't buy,Less often,All,18 - 25 years old,Female,No,White or Caucasian,"Master's degree (e.g. MA, MS, MEd)",Student,"$1 - $9,999"
11/26/2018 0:05,11/26/2018 0:07,IP Address,74.98.225.149,100,109,TRUE,11/26/2018 0:07,R_2Xh2KERlZJB378K,,,,,40.4723053,-79.91320038,anonymous,EN,"I consent, begin the study",4.378,48.654,51.11,55,Won't buy,Won't buy,Buy,Buy,Buy,Buy,Won't buy,Buy,Buy,Won't buy,Buy,,,,,,,,,,,,2-3 times a month,Approximately half,18 - 25 years old,Male,No,Asian,"Master's degree (e.g. MA, MS, MEd)",Student,No income
11/25/2018 22:29,11/26/2018 0:07,IP Address,107.77.224.145,100,5919,TRUE,11/26/2018 0:07,R_2YgnjxT8xR5llp9,,,,,40.70950317,-73.95629883,anonymous,EN,"I consent, begin the study",0.936,44.797,45.685,49,,,,,,,,,,,,Won't buy,Won't buy,Buy,Buy,Won't buy,Buy,Won't buy,Won't buy,Buy,Buy,Buy,Once a week,Significantly less than half,18 - 25 years old,Female,No,Asian,"Master's degree (e.g. MA, MS, MEd)",Student,No income
11/26/2018 6:50,11/26/2018 7:02,IP Address,197.253.4.202,100,747,TRUE,11/26/2018 7:02,R_2SJM1oc4dzndgy4,,,,,7.621002197,5.221496582,anonymous,EN,"I consent, begin the study",0.63,177.965,180.306,67,Won't buy,Won't buy,Buy,Buy,Won't buy,Won't buy,Won't buy,Won't buy,Won't buy,Won't buy,Won't buy,,,,,,,,,,,,2-3 times a week,None,26 - 35 years old,Female,No,Black or African American,"Bachelor's degree (e.g. BA, BS)",Employed part time (up to 39 hours a week),"$1 - $9,999"
11/26/2018 7:36,11/26/2018 7:38,IP Address,24.131.225.56,100,136,TRUE,11/26/2018 7:38,R_A5qMDC8Mndc3Mk1,,,,,40.43080139,-79.92050171,anonymous,EN,"I consent, begin the study",6.529,48.652,49.381,39,,,,,,,,,,,,Won't buy,Buy,Won't buy,Won't buy,Won't buy,Buy,Won't buy,Buy,Buy,Won't buy,Buy,Once a month,Significantly less than half,18 - 25 years old,Male,No,Asian,"Master's degree (e.g. MA, MS, MEd)",Student,"$1 - $9,999"
11/26/2018 7:54,11/26/2018 8:14,IP Address,129.205.114.24,100,1160,TRUE,11/26/2018 8:14,R_2Pu2kFbb0Y5x5aR,,,,,6.453094482,3.395797729,anonymous,EN,"I consent, begin the study",4.526,293.524,294.032,155,,,,,,,,,,,,Won't buy,Buy,Buy,Buy,Buy,Buy,Won't buy,Won't buy,Buy,Buy,Won't buy,2-3 times a month,None,26 - 35 years old,Male,No,Black or African American,"Doctorate (e.g. PhD, EdD)",Employed full time (40 hours or more a week),"Above $150,000"
11/26/2018 8:23,11/26/2018 8:24,IP Address,71.61.179.33,100,86,TRUE,11/26/2018 8:24,R_2q96SqjZtP37qMx,,,,,40.44400024,-79.9552002,anonymous,EN,"I consent, begin the study",6.132,31.007,31.465,34,,,,,,,,,,,,Won't buy,Won't buy,Buy,Won't buy,Won't buy,Won't buy,Won't buy,Won't buy,Won't buy,Won't buy,Won't buy,2-3 times a month,Significantly less than half,18 - 25 years old,Female,No,Asian,"Master's degree (e.g. MA, MS, MEd)",Student,"$1 - $9,999"
11/26/2018 10:35,11/26/2018 10:38,IP Address,167.219.0.176,100,170,TRUE,11/26/2018 10:38,R_3DkJVsJqXXYRAh0,,,,,37.75100708,-97.8219986,anonymous,EN,"I consent, begin the study",4.162,100.199,100.718,118,,,,,,,,,,,,Buy,Won't buy,Won't buy,Buy,Won't buy,Won't buy,Buy,Won't buy,Won't buy,Buy,Won't buy,2-3 times a month,Approximately half,26 - 35 years old,Female,No,Black or African American,"Bachelor's degree (e.g. BA, BS)",Employed full time (40 hours or more a week),"$100,000 - $149,999"
11/26/2018 11:36,11/26/2018 11:38,IP Address,128.237.219.30,100,88,TRUE,11/26/2018 11:38,R_1dnvRTIWecRLRJN,,,,,40.44400024,-79.9552002,anonymous,EN,"I consent, begin the study",3.773,24.095,25.34,12,,,,,,,,,,,,Won't buy,Won't buy,Buy,Buy,Won't buy,Won't buy,Won't buy,Buy,Buy,Won't buy,Won't buy,Less often,Significantly less than half,26 - 35 years old,Female,No,Asian,"Doctorate (e.g. PhD, EdD)",Employed full time (40 hours or more a week),"$25,000 - $49,999"
11/27/2018 18:26,11/27/2018 18:29,IP Address,107.3.80.135,100,152,TRUE,11/27/2018 18:29,R_XG0bE9KCBglAHlL,,,,,42.36470032,-71.10420227,anonymous,EN,"I consent, begin the study",9.893,47.689,48.981,11,,,,,,,,,,,,Won't buy,Won't buy,Won't buy,Buy,Won't buy,Won't buy,Won't buy,Won't buy,Won't buy,Won't buy,Won't buy,Less often,Significantly less than half,26 - 35 years old,Male,No,Black or African American,"Master's degree (e.g. MA, MS, MEd)",Employed full time (40 hours or more a week),Prefer not to answer
11/28/2018 8:20,11/28/2018 8:24,IP Address,23.239.97.138,100,230,TRUE,11/28/2018 8:24,R_2ROAlhgHMnmHrcX,,,,,34.05839539,-118.2779999,anonymous,EN,"I consent, begin the study",7.062,38.581,40.481,16,,,,,,,,,,,,Won't buy,Won't buy,Buy,Buy,Won't buy,Won't buy,Won't buy,Won't buy,Won't buy,Buy,Won't buy,Less often,Significantly more than half,18 - 25 years old,Male,No,Asian,"Some college, no degree",Student,No income
11/28/2018 19:06,11/28/2018 19:09,IP Address,172.105.207.180,100,201,TRUE,11/28/2018 19:09,R_1dAZsL3bqspfgVK,,,,,35.69000244,139.6900024,anonymous,EN,"I consent, begin the study",0.618,9.674,10.72,12,Won't buy,Won't buy,Buy,Buy,Won't buy,Won't buy,Won't buy,Won't buy,Won't buy,Won't buy,Won't buy,,,,,,,,,,,,Less often,Approximately half,18 - 25 years old,Male,No,Asian,"Master's degree (e.g. MA, MS, MEd)",Employed full time (40 hours or more a week),"$1 - $9,999"
11/28/2018 19:23,11/28/2018 19:25,IP Address,71.199.122.114,100,94,TRUE,11/28/2018 19:25,R_2afzOxhCeg21fyu,,,,,40.44400024,-79.9552002,anonymous,EN,"I consent, begin the study",2.053,26.825,27.649,40,,,,,,,,,,,,Won't buy,Buy,Won't buy,Buy,Won't buy,Won't buy,Buy,Won't buy,Won't buy,Buy,Buy,Once a month,Significantly less than half,18 - 25 years old,Male,No,Asian,"Master's degree (e.g. MA, MS, MEd)",Student,No income
11/28/2018 19:27,11/28/2018 19:28,IP Address,71.199.114.234,100,109,TRUE,11/28/2018 19:28,R_XjMtGTJZ9aWrJqp,,,,,40.44400024,-79.9552002,anonymous,EN,"I consent, begin the study",4.829,29.53,30.184,54,Won't buy,Won't buy,Won't buy,Won't buy,Won't buy,Won't buy,Won't buy,Won't buy,Won't buy,Won't buy,Won't buy,,,,,,,,,,,,Less often,Approximately half,26 - 35 years old,Female,Prefer not to answer,Prefer not to answer,"Master's degree (e.g. MA, MS, MEd)",Student,"$50,000 - $74,999"
11/28/2018 19:38,11/28/2018 19:40,IP Address,24.3.19.129,100,134,TRUE,11/28/2018 19:40,R_1LAoNHODldglMDx,,,,,40.44400024,-79.9552002,anonymous,EN,"I consent, begin the study",6.465,36.583,37.678,41,Won't buy,Buy,Won't buy,Won't buy,Buy,Buy,Buy,Won't buy,Won't buy,Won't buy,Won't buy,,,,,,,,,,,,Once a month,Significantly more than half,18 - 25 years old,Female,No,Asian,"Master's degree (e.g. MA, MS, MEd)",Student,No income
11/28/2018 19:42,11/28/2018 19:46,IP Address,173.75.41.118,100,249,TRUE,11/28/2018 19:46,R_0IgZBDrQs6rG5zP,,,,,40.4723053,-79.91320038,anonymous,EN,"I consent, begin the study",7.143,92.504,93.282,85,,,,,,,,,,,,Buy,Won't buy,Buy,Won't buy,Won't buy,Buy,Won't buy,Buy,Buy,Buy,Won't buy,Less often,Significantly more than half,18 - 25 years old,Female,No,Asian,"Master's degree (e.g. MA, MS, MEd)",Student,No income
11/28/2018 19:47,11/28/2018 19:48,IP Address,24.131.19.83,100,88,TRUE,11/28/2018 19:48,R_31ZWQB3MAhGPARa,,,,,40.43080139,-79.92050171,anonymous,EN,"I consent, begin the study",3.687,32.36,33.661,57,Won't buy,Won't buy,Won't buy,Won't buy,Won't buy,Won't buy,Won't buy,Won't buy,Won't buy,Won't buy,Won't buy,,,,,,,,,,,,Less often,Significantly less than half,26 - 35 years old,Male,Prefer not to answer,Prefer not to answer,"Master's degree (e.g. MA, MS, MEd)",Student,Prefer not to answer
11/29/2018 11:56,11/29/2018 11:58,IP Address,31.53.156.48,100,85,TRUE,11/29/2018 11:58,R_1i3PnzSUYgK7DrT,,,,,52.19689941,0.14289856,anonymous,EN,"I consent, begin the study",8.256,30.279,31.243,11,Won't buy,Won't buy,Won't buy,Won't buy,Won't buy,Won't buy,Won't buy,Won't buy,Won't buy,Won't buy,Won't buy,,,,,,,,,,,,Once a month,Significantly less than half,26 - 35 years old,Male,No,White or Caucasian,"Doctorate (e.g. PhD, EdD)",Employed full time (40 hours or more a week),"$50,000 - $74,999"
11/30/2018 9:22,11/30/2018 9:25,IP Address,66.28.37.59,100,163,TRUE,11/30/2018 9:25,R_2YsUpbDC1R5AB0K,,,,,38.91220093,-77.0177002,anonymous,EN,"I consent, begin the study",12.761,40.76,43.091,11,Won't buy,Won't buy,Buy,Buy,Won't buy,Won't buy,Won't buy,Won't buy,Won't buy,Won't buy,Won't buy,,,,,,,,,,,,Less often,Significantly less than half,26 - 35 years old,Female,No,Asian,"Master's degree (e.g. MA, MS, MEd)",Student,No income
11/30/2018 18:06,11/30/2018 18:08,IP Address,71.245.184.36,100,129,TRUE,11/30/2018 18:08,R_0PupJHEHKUFDeEx,,,,,40.4723053,-79.91320038,anonymous,EN,"I consent, begin the study",8.64,29.536,30.485,11,,,,,,,,,,,,Won't buy,Won't buy,Won't buy,Won't buy,Won't buy,Won't buy,Won't buy,Won't buy,Won't buy,Won't buy,Won't buy,Less often,Significantly less than half,18 - 25 years old,Female,No,Asian,"Master's degree (e.g. MA, MS, MEd)",Student,No income
11/30/2018 18:13,11/30/2018 18:15,IP Address,67.171.67.237,100,107,TRUE,11/30/2018 18:15,R_3R7UgocUfEpVsFU,,,,,40.44400024,-79.9552002,anonymous,EN,"I consent, begin the study",1.233,51.917,54.016,41,Won't buy,Won't buy,Buy,Won't buy,Won't buy,Won't buy,Buy,Won't buy,Won't buy,Won't buy,Won't buy,,,,,,,,,,,,Once a month,Significantly less than half,26 - 35 years old,Female,No,Asian,"Master's degree (e.g. MA, MS, MEd)",Student,"$1 - $9,999"
11/30/2018 19:04,11/30/2018 19:07,IP Address,107.77.224.71,100,139,TRUE,11/30/2018 19:07,R_3dPVVqaksnQRPzo,,,,,40.75709534,-73.96569824,anonymous,EN,"I consent, begin the study",4.98,83.349,84.715,103,,,,,,,,,,,,Won't buy,Won't buy,Won't buy,Won't buy,Won't buy,Won't buy,Won't buy,Buy,Won't buy,Won't buy,Won't buy,2-3 times a month,Approximately half,26 - 35 years old,Female,No,White or Caucasian,"Master's degree (e.g. MA, MS, MEd)",Employed full time (40 hours or more a week),Prefer not to answer
11/30/2018 19:04,11/30/2018 19:09,IP Address,67.171.68.237,100,269,TRUE,11/30/2018 19:09,R_2Y6cyW0KMXy0rs9,,,,,40.44400024,-79.9552002,anonymous,EN,"I consent, begin the study",4.807,25.726,26.612,11,,,,,,,,,,,,Won't buy,Buy,Won't buy,Won't buy,Won't buy,Buy,Won't buy,Won't buy,Buy,Won't buy,Buy,Less often,Significantly less than half,18 - 25 years old,Male,No,Asian,"Master's degree (e.g. MA, MS, MEd)",Student,No income
11/30/2018 21:18,11/30/2018 21:22,IP Address,69.250.37.198,100,191,TRUE,11/30/2018 21:22,R_3mb3VnnA5oiCZqp,,,,,39.13549805,-77.28220367,anonymous,EN,"I consent, begin the study",42.443,70.551,71.611,11,,,,,,,,,,,,Won't buy,Won't buy,Won't buy,Won't buy,Won't buy,Won't buy,Buy,Won't buy,Won't buy,Won't buy,Won't buy,Once a month,Significantly more than half,26 - 35 years old,Female,No,Black or African American,"Master's degree (e.g. MA, MS, MEd)",Employed full time (40 hours or more a week),"$10,000 - $24,999"
12/1/2018 13:09,12/1/2018 13:14,IP Address,208.54.90.214,100,293,TRUE,12/1/2018 13:14,R_3eyRZkX5bw3PWtu,,,,,39.98449707,-75.22820282,anonymous,EN,"I consent, begin the study",4.946,56.36,57.234,43,,,,,,,,,,,,Won't buy,Won't buy,Won't buy,Buy,Won't buy,Won't buy,Won't buy,Buy,Won't buy,Won't buy,Won't buy,Less often,Approximately half,26 - 35 years old,Male,No,Asian,"Master's degree (e.g. MA, MS, MEd)",Employed full time (40 hours or more a week),"$50,000 - $74,999"
12/1/2018 13:43,12/1/2018 13:45,IP Address,74.98.241.36,100,153,TRUE,12/1/2018 13:45,R_1OV36l2hcgpoGGa,,,,,40.47520447,-79.95279694,anonymous,EN,"I consent, begin the study",3.191,55.759,61.122,45,,,,,,,,,,,,Won't buy,Won't buy,Won't buy,Won't buy,Won't buy,Won't buy,Won't buy,Won't buy,Won't buy,Won't buy,Won't buy,Less often,Significantly less than half,26 - 35 years old,Male,No,Black or African American,"Master's degree (e.g. MA, MS, MEd)",Student,"$1 - $9,999"
12/1/2018 13:49,12/1/2018 13:57,IP Address,41.190.30.241,100,495,TRUE,12/1/2018 13:57,R_3g7Sulw0dNZNlbb,,,,,6.453094482,3.395797729,anonymous,EN,"I consent, begin the study",3.403,223.653,225.32,98,Won't buy,Won't buy,Buy,Buy,Won't buy,Buy,Buy,Buy,Buy,Buy,Won't buy,,,,,,,,,,,,Less often,None,26 - 35 years old,Male,No,Black or African American,"Master's degree (e.g. MA, MS, MEd)",Employed full time (40 hours or more a week),"$1 - $9,999"
12/1/2018 14:00,12/1/2018 14:03,IP Address,41.58.72.176,100,189,TRUE,12/1/2018 14:03,R_1dmf5l2PLN8TckS,,,,,6.453094482,3.395797729,anonymous,EN,"I consent, begin the study",6.171,54.287,55.424,43,Won't buy,Won't buy,Won't buy,Won't buy,Buy,Buy,Buy,Won't buy,Buy,Won't buy,Won't buy,,,,,,,,,,,,Less often,Significantly less than half,26 - 35 years old,Female,No,Black or African American,"Bachelor's degree (e.g. BA, BS)",Employed full time (40 hours or more a week),"$1 - $9,999"
